89,  ,uploaded_images/Bicyle/Unknown-18.jpeg,grocery,"Lamb - Whole Head Off,nz",1829,28,
86,  ,uploaded_images/Bicyle/Unknown-18.jpeg,grocery,Wooden Mop Handle,1001,63,
87,  ,uploaded_images/Bicyle/Unknown-18.jpeg,grocery,"Soup - Campbells, Classic Chix",680,45,
92,  ,uploaded_images/Bicyle/Unknown-18.jpeg,grocery,Plaintain,805,63,
93,  ,uploaded_images/Bicyle/Unknown-18.jpeg,grocery,Salmon - Sockeye Raw,905,82,
90,  ,uploaded_images/Bicyle/Unknown-18.jpeg,grocery,Arizona - Green Tea,1645,100,
91,  ,uploaded_images/Bicyle/Unknown-18.jpeg,grocery,Magnotta - Bel Paese White,488,49,
66,  ,uploaded_images/Bicyle/Unknown-18.jpeg,grocery,Pork - Bacon Cooked Slcd,1437,39,
67,  ,uploaded_images/Bicyle/Unknown-18.jpeg,grocery,Carbonated Water - Lemon Lime,72,4,
68,  ,uploaded_images/Bicyle/Unknown-18.jpeg,grocery,Bread - Sour Sticks With Onion,1555,22,
69,  ,uploaded_images/Bicyle/Unknown-18.jpeg,grocery,"Brownies - Two Bite, Chocolate",501,42,
70,  ,uploaded_images/Bicyle/Unknown-18.jpeg,grocery,Taro Leaves,1339,18,
71,  ,uploaded_images/Bicyle/Unknown-18.jpeg,grocery,Flower - Leather Leaf Fern,468,99,
72,  ,uploaded_images/Bicyle/Unknown-18.jpeg,grocery,"Beef - Chuck, Boneless",1703,46,
73,  ,uploaded_images/Bicyle/Unknown-18.jpeg,grocery,Pie Filling - Apple,1441,41,
74,  ,uploaded_images/Bicyle/Unknown-18.jpeg,grocery,Lid Tray - 12in Dome,841,61,
75,  ,uploaded_images/Bicyle/Unknown-18.jpeg,grocery,Bread Base - Italian,1282,20,
105,  ,uploaded_images/Bicyle/Unknown-18.jpeg,grocery,"Veal - Shank, Pieces",385,92,
104,  ,uploaded_images/Bicyle/Unknown-18.jpeg,grocery,Cocoa Powder - Natural,1326,63,
97,  ,uploaded_images/Bicyle/Unknown-18.jpeg,grocery,Brandy Cherry - Mcguinness,1665,43,
96,  ,uploaded_images/Bicyle/Unknown-18.jpeg,grocery,"Cup - 6oz, Foam",1946,81,
99,  ,uploaded_images/Bicyle/Unknown-18.jpeg,grocery,"Ecolab - Orange Frc, Cleaner",161,52,
98,  ,uploaded_images/Bicyle/Unknown-18.jpeg,grocery,Tea Peppermint,1675,48,
101,  ,uploaded_images/Bicyle/Unknown-18.jpeg,grocery,Veal - Provimi Inside,1170,99,
100,  ,uploaded_images/Bicyle/Unknown-18.jpeg,grocery,Sage - Fresh,1109,13,
103,  ,uploaded_images/Bicyle/Unknown-18.jpeg,grocery,"Glass - Wine, Plastic, Clear 5 Oz",1697,55,
102,  ,uploaded_images/Bicyle/Unknown-18.jpeg,grocery,Grapes - Green,249,46,
17,XC90,uploaded_images/Bicyle/Unknown-18.jpeg,cars,Volvo,947825,21,
20,GTO,uploaded_images/Bicyle/Unknown-18.jpeg,cars,Mitsubishi,1507115,40,
19,Silverado 1500,uploaded_images/Bicyle/Unknown-18.jpeg,cars,Chevrolet,1232808,1,
49,D250 Club,uploaded_images/Bicyle/Unknown-18.jpeg,cars,Dodge,1376138,65,
50,Charger,uploaded_images/Bicyle/Unknown-18.jpeg,cars,Dodge,1119549,16,
47,Town Car,uploaded_images/Bicyle/Unknown-18.jpeg,cars,Lincoln,1530539,36,
48,M-Class,uploaded_images/Bicyle/Unknown-18.jpeg,cars,Mercedes-Benz,1547056,59,
45,A4,uploaded_images/Bicyle/Unknown-18.jpeg,cars,Audi,1218894,81,
46,626,uploaded_images/Bicyle/Unknown-18.jpeg,cars,Mazda,1729217,6,
43,Concorde,uploaded_images/Bicyle/Unknown-18.jpeg,cars,Chrysler,518280,96,
44,Tahoe,uploaded_images/Bicyle/Unknown-18.jpeg,cars,Chevrolet,1123584,5,
41,Sportage,uploaded_images/Bicyle/Unknown-18.jpeg,cars,Kia,663624,2,
42,CX-9,uploaded_images/Bicyle/Unknown-18.jpeg,cars,Mazda,1046659,57,
1,Sentra,uploaded_images/Bicyle/Unknown-18.jpeg,cars,Nissan,921050,21,
6,Azera,uploaded_images/Bicyle/Unknown-18.jpeg,cars,Hyundai,918305,23,
10,Mirage,uploaded_images/Bicyle/Unknown-18.jpeg,cars,Mitsubishi,1695227,30,
83,  ,uploaded_images/Bicyle/Unknown-18.jpeg,grocery,Apricots Fresh,1992,77,
82,  ,uploaded_images/Bicyle/Unknown-18.jpeg,grocery,Pumpkin,1542,7,
81,  ,uploaded_images/Bicyle/Unknown-18.jpeg,grocery,Long Island Ice Tea,1739,5,
80,  ,uploaded_images/Bicyle/Unknown-18.jpeg,grocery,"Wine - Red, Wolf Blass, Yellow",349,87,
79,  ,uploaded_images/Bicyle/Unknown-18.jpeg,grocery,Table Cloth 62x120 White,186,46,
78,  ,uploaded_images/Bicyle/Unknown-18.jpeg,grocery,Beef - Flank Steak,1476,53,
77,  ,uploaded_images/Bicyle/Unknown-18.jpeg,grocery,French Kiss Vanilla,738,85,
76,  ,uploaded_images/Bicyle/Unknown-18.jpeg,grocery,Flour - Teff,1609,4,
85,  ,uploaded_images/Bicyle/Unknown-18.jpeg,grocery,Tandoori Curry Paste,858,66,
84,  ,uploaded_images/Bicyle/Unknown-18.jpeg,grocery,Sage - Fresh,1668,7,
25,Ram 1500,uploaded_images/Bicyle/Unknown-18.jpeg,cars,Dodge,1298285,79,
26,SRX,uploaded_images/Bicyle/Unknown-18.jpeg,cars,Cadillac,1287830,97,
27,LS,uploaded_images/Bicyle/Unknown-18.jpeg,cars,Lexus,1539381,42,
28,Versa,uploaded_images/Bicyle/Unknown-18.jpeg,cars,Nissan,982374,17,
21,Viper,uploaded_images/Bicyle/Unknown-18.jpeg,cars,Dodge,1688893,36,
22,MDX,uploaded_images/Bicyle/Unknown-18.jpeg,cars,Acura,1177161,38,
23,2500,uploaded_images/Bicyle/Unknown-18.jpeg,cars,GMC,1703823,66,
24,CR-V,uploaded_images/Bicyle/Unknown-18.jpeg,cars,Honda,1451849,91,
29,Dakota Club,uploaded_images/Bicyle/Unknown-18.jpeg,cars,Dodge,852578,97,
30,NSX,uploaded_images/Bicyle/Unknown-18.jpeg,cars,Acura,1015410,36,
5,Ram 3500,uploaded_images/Bicyle/Unknown-18.jpeg,cars,Dodge,1832837,57,
9,Passport,uploaded_images/Bicyle/Unknown-18.jpeg,cars,Honda,1232462,86,
4,MX-6,uploaded_images/Bicyle/Unknown-18.jpeg,cars,Mazda,1787996,86,
8,E-Series,uploaded_images/Bicyle/Unknown-18.jpeg,cars,Ford,1512429,76,
40,164,uploaded_images/Bicyle/Unknown-18.jpeg,cars,Alfa Romeo,1666849,40,
39,Mirage,uploaded_images/Bicyle/Unknown-18.jpeg,cars,Mitsubishi,646206,36,
34,3 Series,uploaded_images/Bicyle/Unknown-18.jpeg,cars,BMW,1945695,44,
33,M-Class,uploaded_images/Bicyle/Unknown-18.jpeg,cars,Mercedes-Benz,1198613,9,
32,M5,uploaded_images/Bicyle/Unknown-18.jpeg,cars,BMW,1018760,100,
31,Arnage,uploaded_images/Bicyle/Unknown-18.jpeg,cars,Bentley,1187989,71,
38,DB9,uploaded_images/Bicyle/Unknown-18.jpeg,cars,Aston Martin,621909,2,
37,M,uploaded_images/Bicyle/Unknown-18.jpeg,cars,Infiniti,1869319,87,
36,W201,uploaded_images/Bicyle/Unknown-18.jpeg,cars,Mercedes-Benz,1200726,94,
35,Eos,uploaded_images/Bicyle/Unknown-18.jpeg,cars,Volkswagen,1235987,40,
2,M3,uploaded_images/Bicyle/Unknown-18.jpeg,cars,BMW,990036,99,
7,Prowler,uploaded_images/Bicyle/Unknown-18.jpeg,cars,Plymouth,1302598,73,
12,626,uploaded_images/Bicyle/Unknown-18.jpeg,cars,Mazda,1279428,92,
11,S4,uploaded_images/Bicyle/Unknown-18.jpeg,cars,Audi,676035,91,
14,Tracer,uploaded_images/Bicyle/Unknown-18.jpeg,cars,Mercury,1510173,33,
13,5-Sep,uploaded_images/Bicyle/Unknown-18.jpeg,cars,Saab,1506694,7,
16,3 Series,uploaded_images/Bicyle/Unknown-18.jpeg,cars,BMW,1596960,81,
15,Grand Voyager,uploaded_images/Bicyle/Unknown-18.jpeg,cars,Plymouth,1870433,70,
18,Caprice Classic,uploaded_images/Bicyle/Unknown-18.jpeg,cars,Chevrolet,1915817,60,
106,CR-V,uploaded_images/Bicyle/Unknown-18.jpeg,cars,Honda,1998677,59,
65,  ,uploaded_images/Bicyle/Unknown-18.jpeg,grocery,Gatorade - Lemon Lime,131,60,
64,  ,uploaded_images/Bicyle/Unknown-18.jpeg,grocery,Roe - Flying Fish,1330,9,
61,  ,uploaded_images/Bicyle/Unknown-18.jpeg,grocery,Ham - Cooked,782,21,
60,  ,uploaded_images/Bicyle/Unknown-18.jpeg,grocery,Onions - Red Pearl,1807,7,
63,  ,uploaded_images/Bicyle/Unknown-18.jpeg,grocery,"Chicken - Diced, Cooked",921,89,
62,  ,uploaded_images/Bicyle/Unknown-18.jpeg,grocery,Bread - Multigrain Oval,622,20,
57,  ,uploaded_images/Bicyle/Unknown-18.jpeg,grocery,Bread - French Stick,1906,12,
56,  ,uploaded_images/Bicyle/Unknown-18.jpeg,grocery,Wine - Fino Tio Pepe Gonzalez,1075,39,
59,  ,uploaded_images/Bicyle/Unknown-18.jpeg,grocery,Glass Clear 8 Oz,1202,96,
58,  ,uploaded_images/Bicyle/Unknown-18.jpeg,grocery,Table Cloth 91x91 Colour,73,12,
94,  ,uploaded_images/Bicyle/Unknown-18.jpeg,grocery,Pate Pans Yellow,1484,76,
95,  ,uploaded_images/Bicyle/Unknown-18.jpeg,grocery,Sobe - Orange Carrot,1683,33,
88,  ,uploaded_images/Bicyle/Unknown-18.jpeg,grocery,Garlic - Elephant,457,82,
