phoneNumber,name,email_id,password,user_id,order_id
,Thomasina Simoni,tsimoni0@usgs.gov,PHLQt2v,1,
,Kynthia Dickie,kdickie1@exblog.jp,n1gLlt6by,2,
,Rene Cardoso,rcardoso2@nymag.com,7GcSrv,3,
,Bran Ramm,bramm3@photobucket.com,PIjkCf,4,
,Emera Sweeten,esweeten4@cpanel.net,xP0kfFmQ,5,
,Elspeth Ladds,eladds5@gizmodo.com,gHKqgN,6,
,Thorny Fold,tfold6@php.net,5CTi0fBRJ,7,
,Pacorro Arber,parber7@redcross.org,HLwjCqbs1uOm,8,
,Earvin Herety,eherety8@free.fr,2OssOjwa,9,
,Clerc Orteaux,corteaux9@123-reg.co.uk,8dDlvqWka1,10,
,Montgomery Lodge,mlodgea@so-net.ne.jp,y5AlAAdYC,11,
,Alisha MacKessock,amackessockb@ftc.gov,jc0OX9bSTpo,12,
,Lyon Birchenhead,lbirchenheadc@cam.ac.uk,XNmsNz1,13,
,Lombard MacPike,lmacpiked@free.fr,fUWbGWhwnr,14,
,Bartie Duigenan,bduigenane@deliciousdays.com,PyaijOg5bwF,15,
,Min Sadgrove,msadgrovef@usnews.com,ZYa3LpSx,16,
,Frazer Harrower,fharrowerg@zimbio.com,MFFQapj,17,
,Artus Courtese,acourteseh@constantcontact.com,LqXysMGH,18,
,Colan Ipsgrave,cipsgravei@privacy.gov.au,6FiBdfAqun,19,
,Brit Wattisham,bwattishamj@netlog.com,g1cMty441R,20,
,Dwight Maddicks,dmaddicksk@friendfeed.com,1eOpKgQ,21,
,Beverly Janks,bjanksl@goo.gl,Kvb4vUkX5M,22,
,Whitney Anslow,wanslowm@networkadvertising.org,9eAznIkZ,23,
,Trudi Ellwood,tellwoodn@meetup.com,O42nxKDGOWJd,24,
,Tamara Jacquemot,tjacquemoto@chron.com,it2SYWb,25,
,Deloria Sterley,dsterleyp@abc.net.au,YRGANhok32,26,
,Lazarus Selman,lselmanq@myspace.com,ruKwRW,27,
,Nona Danell,ndanellr@phpbb.com,M6LcwcpY,28,
,Johann Gontier,jgontiers@ed.gov,8UJaxLt5nu,29,
,Jock Port,jportt@joomla.org,VgFmj3W,30,
,Kassia Philipot,kphilipotu@tamu.edu,Kd9UnOnIr4Y,31,
,Lucas Pingston,lpingstonv@hhs.gov,9OgrwAGI,32,
,Wandis Verecker,wvereckerw@wikispaces.com,UKWMHcfnJOs,33,
,Layla Quarmby,lquarmbyx@digg.com,n1Tw5vr2,34,
,Franciskus Doogan,fdoogany@berkeley.edu,KQ4K1msnCp3,35,
,Gaultiero Oen,goenz@lycos.com,QPVD7G7rb,36,
,Peterus Lantuff,plantuff10@state.tx.us,YKjED8C7w,37,
,Forrest Strickett,fstrickett11@cargocollective.com,wVINZOQ9,38,
,Franky MacGaffey,fmacgaffey12@nationalgeographic.com,2DrTZFF,39,
,Jeno Kisting,jkisting13@surveymonkey.com,VRMsZtHtj,40,
,Corette Smallsman,csmallsman14@cpanel.net,O1im4aWho,41,
,Natassia Conor,nconor15@harvard.edu,HJuzxVncUXlT,42,
,Zach Thorns,zthorns16@storify.com,bkNGawyD,43,
,Jean Lower,jlower17@uiuc.edu,pp7AM3BGG5,44,
,Huntington Gages,hgages18@europa.eu,r9M5EsC,45,
,Ophelia Livezley,olivezley19@npr.org,mdOdFrXQ,46,
,Milty Sharples,msharples1a@economist.com,NHlIMUWoKh,47,
,Poppy Learie,plearie1b@elpais.com,MtwEyHQRqCAq,48,
,Maurise Farndell,mfarndell1c@ox.ac.uk,YyQdaH,49,
,Margo Giddons,mgiddons1d@oaic.gov.au,phzGjopZKmhd,50,
,Vance Pridden,vpridden1e@oakley.com,HeYq6uYBjLI,51,
,Juieta Klawi,jklawi1f@mtv.com,j4HQG8kEDZL,52,
,Zachery Backen,zbacken1g@mashable.com,PsL6viGDOh,53,
,Thalia Milesap,tmilesap1h@va.gov,tlDNqQIV,54,
,Sandor Adhams,sadhams1i@paginegialle.it,7m6DHWZmSgRZ,55,
,Ibby Mutter,imutter1j@netscape.com,ubavNUOyhEY,56,
,Pearce Brosenius,pbrosenius1k@hhs.gov,dtF1ToCME0,57,
,Naomi Beagen,nbeagen1l@miibeian.gov.cn,hvDHtBh,58,
,Abigail Fanthom,afanthom1m@cloudflare.com,Ez79C6JfmZ,59,
,Dianne Grandisson,dgrandisson1n@bloomberg.com,VwPXna,60,
,Dmitri Gribbon,dgribbon1o@google.de,Qr6Cr7,61,
,Sebastian Slayton,sslayton1p@sphinn.com,3ARClD,62,
,Collen Brisbane,cbrisbane1q@hc360.com,YP5nAXpOKY9,63,
,Agnes Bredes,abredes1r@fc2.com,V8ampifc,64,
,Heywood Farquhar,hfarquhar1s@ycombinator.com,rgk3Bhy0kP0F,65,
,Clive Trotman,ctrotman1t@sfgate.com,fh241Mj,66,
,Milly Lyptratt,mlyptratt1u@tripod.com,HFVBl5g,67,
,Antonie Pheasey,apheasey1v@godaddy.com,iZ4q8ZDON5S5,68,
,Aldis Ethington,aethington1w@geocities.com,Lu6neTzKa2JF,69,
,Kippy Grimsdike,kgrimsdike1x@unc.edu,L3pv8p5zzCX,70,
,Faunie Cain,fcain1y@pcworld.com,MhPPal3dbJ,71,
,Jilly Blockey,jblockey1z@washington.edu,dOEqrYlgAFW,72,
,Brigg Timmens,btimmens20@smh.com.au,2mkHkd10M,73,
,Veronique Vanner,vvanner21@globo.com,MM24NFAJeICM,74,
,Darnell Brick,dbrick22@hugedomains.com,upmjbHPQffZ,75,
,Rooney Thirtle,rthirtle23@zdnet.com,YW6yfG,76,
,Brandy Bryde,bbryde24@sakura.ne.jp,FBXKgxq66HuB,77,
,Gussy Stoller,gstoller25@constantcontact.com,M3j4ID2tamRQ,78,
,Tull Sushams,tsushams26@icq.com,gXmzufAW07kF,79,
,Lizzy Corner,lcorner27@purevolume.com,lTPwosUEtN,80,
,Ola Bitcheno,obitcheno28@weibo.com,EskDCm,81,
,Fidole Dullingham,fdullingham29@ucoz.com,0ODMbEn8bLP,82,
,Janos Carson,jcarson2a@istockphoto.com,yp5hx9K2Grp,83,
,Haily Stoves,hstoves2b@paypal.com,JHUSg2BO,84,
,Terrence Dobbins,tdobbins2c@mayoclinic.com,ZrJEkylQGQx,85,
,Marcile Biggerstaff,mbiggerstaff2d@bbb.org,S5VHYPJ,86,
,Nessa Grundon,ngrundon2e@nationalgeographic.com,IMGMijtA5cv,87,
,Gabriele Eskriet,geskriet2f@upenn.edu,C5cloJVr,88,
,Grethel Brunsdon,gbrunsdon2g@canalblog.com,18lFuXZyb,89,
,Mufinella Pamphilon,mpamphilon2h@cdbaby.com,EgxWrZ9Gm,90,
,Erwin Gaskins,egaskins2i@pen.io,yop24cIiXA,91,
,Tuesday Choat,tchoat2j@tumblr.com,UkPTH9,92,
,Myrlene Aymeric,maymeric2k@springer.com,H15NkPVCAzbD,93,
,Reece Pinchbeck,rpinchbeck2l@miibeian.gov.cn,qDiRjX,94,
,Willow Setterington,wsetterington2m@printfriendly.com,2QCblRn1x,95,
,Gustavo MacElroy,gmacelroy2n@acquirethisname.com,BnLqXK4lMWbT,96,
,Thaddeus Yearnes,tyearnes2o@shop-pro.jp,k4wJet,97,
,Madelina Sammars,msammars2p@aboutads.info,lCpQ8kgGC2e,98,
,Garey Theaker,gtheaker2q@ehow.com,nz5D39a7xeG,99,
,Vin Brimilcombe,vbrimilcombe2r@hubpages.com,ADZbUO0dzs8,100,
,Wilona Pike,wpike2s@oaic.gov.au,LyHy82,101,
,Garik Bysouth,gbysouth2t@facebook.com,RLajKjK,102,
,Ephraim Rocks,erocks2u@nhs.uk,m4CY11fHm69V,103,
,Benn Flinn,bflinn2v@stumbleupon.com,UXAIsn,104,
,Ingrid Medgwick,imedgwick2w@plala.or.jp,SgARWw,105,
,Lorri Poinsett,lpoinsett2x@slideshare.net,8SVExHVs,106,
,Vinny Bayne,vbayne2y@google.com,E554ieeaQ9,107,
,Dasya Andrysek,dandrysek2z@tumblr.com,s0fsATSX9v1Y,108,
,Ritchie Probbin,rprobbin30@deliciousdays.com,2vOVTEr8SF1,109,
,Modestine Filipovic,mfilipovic31@kickstarter.com,i6kpShytbU,110,
,Nikoletta Rosenfeld,nrosenfeld32@issuu.com,Kk7W2R,111,
,Thorstein Allwell,tallwell33@bravesites.com,2KPD3IovwAC,112,
,Andrei Strettell,astrettell34@clickbank.net,ZNmpqWavwJoA,113,
,Georgie Wadwell,gwadwell35@ebay.com,j5ivjzF,114,
,Sax Longden,slongden36@creativecommons.org,phchScWohc,115,
,Reese Toolan,rtoolan37@weibo.com,eFQ2rr1lty9,116,
,Maribelle Kermott,mkermott38@google.fr,4KX6XE6t,117,
,Hercules Garnall,hgarnall39@reuters.com,P4LFBDpY8,118,
,Emelita Deaton,edeaton3a@sourceforge.net,wIZBhIjerS,119,
,Lazarus Bemlott,lbemlott3b@weebly.com,HGrtwRO2,120,
,Tate Toffolini,ttoffolini3c@admin.ch,AwPFwW2qG22,121,
,Dalton Avramovich,davramovich3d@joomla.org,0gHtyjOc8Qr,122,
,Rasia Blankhorn,rblankhorn3e@wikipedia.org,iou5lC5ODCUJ,123,
,Kurt ffrench Beytagh,kffrench3f@pbs.org,7e29N18o,124,
,Pieter Bushnell,pbushnell3g@theguardian.com,Le4gzh,125,
,Betti Durman,bdurman3h@studiopress.com,ACyJNrmUa45,126,
,Jacques Largen,jlargen3i@blinklist.com,471sc7,127,
,Michal Huckel,mhuckel3j@domainmarket.com,EYHqXSChAc,128,
,Monte Werrilow,mwerrilow3k@shinystat.com,ccuDIwFylUv,129,
,Jefferson Kollach,jkollach3l@github.io,Ff0dyL2,130,
,Emmerich Aldus,ealdus3m@epa.gov,cy3jzR81i,131,
,Marlee Eadington,meadington3n@mashable.com,D66XUq,132,
,Robbie Crowder,rcrowder3o@acquirethisname.com,Gytq8tH7EXN5,133,
,Farrah Jaulme,fjaulme3p@umich.edu,GFASCeW3K,134,
,Brook Loisi,bloisi3q@soundcloud.com,MEBItt6Upe,135,
,Sherill Medley,smedley3r@xinhuanet.com,sxZ00L,136,
,Glad Gouldeby,ggouldeby3s@xing.com,kSoiKd,137,
,Jessy Marien,jmarien3t@biblegateway.com,e7BM7EA,138,
,Phillie Lortzing,plortzing3u@fotki.com,a7HdB3WLoZ,139,
,Ardis Tinton,atinton3v@ovh.net,a3vZ8dsL4r,140,
,Ferne Lygoe,flygoe3w@g.co,DSGYvxO,141,
,Munroe Manuelli,mmanuelli3x@ycombinator.com,FHCxY9,142,
,Killian Hemmingway,khemmingway3y@accuweather.com,9dMH13j,143,
,Christiana Ledstone,cledstone3z@prlog.org,BhAINLUj,144,
,Tandi Tesoe,ttesoe40@businessinsider.com,ASqDYf,145,
,Merrill Bright,mbright41@nymag.com,6R7zNrizitCh,146,
,Mort Sutch,msutch42@spiegel.de,0CcXzfh6kAvo,147,
,Joleen Inott,jinott43@geocities.com,J8mhxLSd,148,
,Garreth Douglas,gdouglas44@nature.com,cLkOGKbHoTl,149,
,Koenraad Scrace,kscrace45@blogspot.com,zFwXmYxNtnl4,150,
,El Bastin,ebastin46@dyndns.org,OUCCjTLQ9xHq,151,
,Bendicty De Bernardi,bde47@free.fr,0AU13nRZQ,152,
,Cordelie Leades,cleades48@people.com.cn,9TjrxE,153,
,Graham Danielski,gdanielski49@sbwire.com,8Z7V7c,154,
,Rivkah Niccols,rniccols4a@lycos.com,9SJW5tQsTZQy,155,
,Sheelagh Titcombe,stitcombe4b@rakuten.co.jp,QkSF7wBU3tF0,156,
,Merry Pettingall,mpettingall4c@lycos.com,cNXrdgD,157,
,Aubine Errey,aerrey4d@bbc.co.uk,gMIacJ1MtGkM,158,
,Baryram Pladen,bpladen4e@joomla.org,0A2ZDbhH6oa,159,
,Nilson Garvin,ngarvin4f@usatoday.com,zU2xJj,160,
,Meris Dinnis,mdinnis4g@cisco.com,nfbYuwD9V8fZ,161,
,Eleanor Oley,eoley4h@google.it,B8dUf57,162,
,Brodie Chanson,bchanson4i@rakuten.co.jp,cXD5gcSsbRYY,163,
,Bobette Vasyunichev,bvasyunichev4j@360.cn,sl9tWvd,164,
,Lynnell Barrowclough,lbarrowclough4k@cmu.edu,V9nU60,165,
,Ashby Olrenshaw,aolrenshaw4l@springer.com,NnwThty,166,
,Genevra Gonthard,ggonthard4m@symantec.com,AV4HIEAo1QqM,167,
,Feodora Trenbay,ftrenbay4n@seattletimes.com,zIc6Pw,168,
,Averil Bloodworthe,abloodworthe4o@opensource.org,ILoM1PFL1H,169,
,Arlette McCalister,amccalister4p@mac.com,ARE6GC,170,
,Grantham Creebo,gcreebo4q@zimbio.com,CvowoaY,171,
,Kinna Beddin,kbeddin4r@google.cn,uQFIjEM36,172,
,Gabe Greenside,ggreenside4s@sogou.com,SAVASJc8TW,173,
,Kendrick Demange,kdemange4t@berkeley.edu,Gb0ocfE1fyG,174,
,Fairfax Marchington,fmarchington4u@constantcontact.com,c79rr2MTs,175,
,Erminie Robbs,erobbs4v@hatena.ne.jp,a879Lz,176,
,Marita Giddy,mgiddy4w@princeton.edu,S2udiooAe0hN,177,
,Rodge Bloxholm,rbloxholm4x@soup.io,1AfLuK1ZZ,178,
,Kimble Falk,kfalk4y@webmd.com,0Sq6lu3MdsTc,179,
,Humfrey Benian,hbenian4z@blogger.com,Ks6zYlHHI,180,
,Lita Reaper,lreaper50@wired.com,WWTh8FrDvsZt,181,
,Valera Macro,vmacro51@ucsd.edu,BSpX7S,182,
,Duky Twallin,dtwallin52@microsoft.com,U5YO7g,183,
,Cinnamon Bonnaire,cbonnaire53@dailymail.co.uk,gRxOWbFZLYcO,184,
,Wakefield Datte,wdatte54@independent.co.uk,aBWpnTT0S,185,
,Winston MacCarrick,wmaccarrick55@wikipedia.org,xTcTlfA1,186,
,Margret Crocken,mcrocken56@imageshack.us,0V7mMinoKS2Q,187,
,Livvyy Colley,lcolley57@vimeo.com,94X0HLx3,188,
,Darell Larkby,dlarkby58@state.tx.us,8q6FvB74l,189,
,Christoforo Clackers,cclackers59@wsj.com,eWwdbt8D3kv,190,
,Fleurette Fortin,ffortin5a@imgur.com,ZAuedSq1TTE,191,
,Taite O' Neligan,to5b@webmd.com,fDxio4CM7,192,
,Levi Raffan,lraffan5c@usa.gov,BP4wTwCSrTI,193,
,Sigvard Gleave,sgleave5d@youtu.be,XEfAn8t,194,
,Max Covendon,mcovendon5e@bizjournals.com,37o245MIJE,195,
,Daffie Dosdale,ddosdale5f@miibeian.gov.cn,qUGj5hhOli,196,
,Osbourne Clappison,oclappison5g@prnewswire.com,bSdWEvVPQx,197,
,Tiphani Lackney,tlackney5h@timesonline.co.uk,yzcaKQio8,198,
,Valaree Dougliss,vdougliss5i@devhub.com,BbuDDqQQRq,199,
,Edan Durkin,edurkin5j@feedburner.com,HEBZ7ltO,200,
,Richardo Lemin,rlemin5k@google.de,Wrezp5dM,201,
,Philip Schumacher,pschumacher5l@cbsnews.com,fV57hS,202,
,Nada Chrystie,nchrystie5m@shareasale.com,MDExhYjcTlV2,203,
,Titos Joisce,tjoisce5n@deliciousdays.com,NcxXIKRsIAc,204,
,Daryle Fullwood,dfullwood5o@cnn.com,BFwZMI,205,
,Brucie Allain,ballain5p@nih.gov,jrc2OAINOiP7,206,
,Euphemia Thinn,ethinn5q@accuweather.com,05pKzZXC8Gum,207,
,Leonore O'Finan,lofinan5r@craigslist.org,KjXwc5f,208,
,Winslow Pheasant,wpheasant5s@wisc.edu,H5oPuh,209,
,Raquela Gillanders,rgillanders5t@yellowbook.com,Sx7Syencku,210,
,Tommie Applebee,tapplebee5u@i2i.jp,DpKC8faTL,211,
,Sarena Prattington,sprattington5v@arizona.edu,Z2GYe6JX,212,
,Gillie Cheng,gcheng5w@cyberchimps.com,iazp6Lef,213,
,Lynsey Hadfield,lhadfield5x@miitbeian.gov.cn,Yel7C1VUH8,214,
,Stephan Witts,switts5y@nhs.uk,jEPT27Bf,215,
,Novelia Osler,nosler5z@jiathis.com,BDoGNApW,216,
,Rea Petlyura,rpetlyura60@icq.com,6Ec4FSCTvNM,217,
,Juliana Showte,jshowte61@oaic.gov.au,1B9vSnGycw,218,
,Mamie Slesser,mslesser62@archive.org,B7MzMmM8Rua,219,
,Cam Mangeon,cmangeon63@slideshare.net,MIZGtQvfmyZ,220,
,Mariska Rendall,mrendall64@yellowpages.com,PDLdpC,221,
,Arlen Louth,alouth65@mozilla.com,ONCyQolz2gQG,222,
,Bamby Fifoot,bfifoot66@icio.us,5Deg91C8PAck,223,
,Neill Mounce,nmounce67@usa.gov,N4gXXiKVyk,224,
,Tally Youel,tyouel68@tiny.cc,Zs1asISMdiE,225,
,Milty Tapp,mtapp69@discuz.net,brwUDVyXwSmE,226,
,Butch Buterton,bbuterton6a@yandex.ru,IfLR8kQu,227,
,Karee Bullion,kbullion6b@trellian.com,7ZU9cnghJ,228,
,Marylinda Tootal,mtootal6c@rambler.ru,krPWsC9,229,
,Ilaire Janca,ijanca6d@accuweather.com,hyxcA26Qy,230,
,Nikolaus Bog,nbog6e@icq.com,EC4F6NApW4N,231,
,Cassy Roseveare,croseveare6f@ocn.ne.jp,5ioJCeSu4,232,
,Lexine Rove,lrove6g@woothemes.com,lUbUs4ZpP,233,
,Irina Scanderet,iscanderet6h@g.co,kCVoUjKnd,234,
,Neely Marwick,nmarwick6i@theguardian.com,y5ZySBtDA,235,
,Nicole Bilbery,nbilbery6j@discovery.com,JFoxM2,236,
,Irene Furmage,ifurmage6k@imgur.com,6JnsJUq,237,
,Irma Ludwikiewicz,iludwikiewicz6l@macromedia.com,CdDVfTXgh,238,
,Olympe Molyneux,omolyneux6m@usgs.gov,73gPoQUNT,239,
,Kingsly Dearnly,kdearnly6n@hatena.ne.jp,28rmk0WO,240,
,Natala Aylin,naylin6o@wufoo.com,4dw8xFyGYMi,241,
,Wynnie Meighan,wmeighan6p@typepad.com,68L89n6ot,242,
,Mallissa Wooddisse,mwooddisse6q@shareasale.com,o1Jlba42BBmi,243,
,Vance Necrews,vnecrews6r@digg.com,So7G9Fda,244,
,Tierney Sergent,tsergent6s@techcrunch.com,mxOHhwXHRJmJ,245,
,Valentine Bennellick,vbennellick6t@photobucket.com,2iWq71W,246,
,Monty Sprackling,msprackling6u@google.co.jp,DjVHEJ,247,
,Calypso Mullender,cmullender6v@gov.uk,1Pbfup,248,
,Kristy Ashelford,kashelford6w@cocolog-nifty.com,iiaeBS4L,249,
,Solly Ewbank,sewbank6x@diigo.com,lv2q6AJX6yf,250,
,Onida Jancik,ojancik6y@eventbrite.com,1IUuIWITrTo,251,
,Lorelei Buxy,lbuxy6z@sogou.com,VZD3pV,252,
,Breanne Laying,blaying70@163.com,CkSANKq,253,
,Allin Guesford,aguesford71@sbwire.com,xCGo4aDYO3F,254,
,Judah Dutson,jdutson72@tmall.com,N1uffJNBT,255,
,Lonnie Jaggs,ljaggs73@yellowbook.com,UA2H3dKH,256,
,Annalise Hourihan,ahourihan74@geocities.jp,LgUJHN,257,
,Danica Sylvaine,dsylvaine75@ucsd.edu,2rTYNy,258,
,Wheeler Wessel,wwessel76@hatena.ne.jp,SjzU3iwlCg,259,
,Roxine Dudbridge,rdudbridge77@weebly.com,bmEDZC2,260,
,Bernelle Aldersley,baldersley78@spiegel.de,c7yNZ7rDR4,261,
,Jessalyn Pettipher,jpettipher79@prlog.org,caFI9E4NNx,262,
,Rabi Probbings,rprobbings7a@reuters.com,D41cdaBUNb,263,
,Albertine Benwell,abenwell7b@java.com,Nuqsag2Arx,264,
,Chris Jaouen,cjaouen7c@mapy.cz,5wbZZB9UiO4R,265,
,Lizabeth O'Duggan,loduggan7d@reddit.com,wvFXodQ,266,
,Boony Parken,bparken7e@answers.com,Bmg0eqZQBmTd,267,
,Elsy Aird,eaird7f@soundcloud.com,Mv0mK4l,268,
,Rem Taillant,rtaillant7g@blogspot.com,utES5R0N67gf,269,
,Henrik Jeffers,hjeffers7h@icio.us,SIoFLGr,270,
,Jessamyn Dulton,jdulton7i@java.com,wA74UZDwP6,271,
,Jorie Whorf,jwhorf7j@tuttocitta.it,52HtCTPm7,272,
,Weber Milthorpe,wmilthorpe7k@angelfire.com,QUW7nUYXIGL,273,
,Leanna Bernetti,lbernetti7l@forbes.com,Z7QE6GWRj,274,
,Karl Ennals,kennals7m@census.gov,eVcszuWThx,275,
,Fulvia Oldam,foldam7n@opensource.org,C7Ipib4nOfL8,276,
,Kareem Rackam,krackam7o@sina.com.cn,B0iVo3c,277,
,Ardisj Phillipps,aphillipps7p@reddit.com,Nur9Fp,278,
,Jacky Gabriely,jgabriely7q@nba.com,UwJxAMwz,279,
,Pollyanna Speeks,pspeeks7r@intel.com,KXJ4lqqZD7,280,
,Dorothy Alred,dalred7s@indiatimes.com,yWuabM,281,
,Fleurette Lilly,flilly7t@npr.org,pJjt2A2U,282,
,Clareta Waskett,cwaskett7u@meetup.com,Xf4AtxpTwyD,283,
,Fanny Muress,fmuress7v@dion.ne.jp,ES9ND0M,284,
,Philbert Thowless,pthowless7w@who.int,yYXvWcHQEJKS,285,
,Warren von Nassau,wvon7x@yelp.com,ObGpszQUJiK,286,
,Gill Rodge,grodge7y@istockphoto.com,k3UTe4pFRm,287,
,Raoul Liebmann,rliebmann7z@geocities.jp,wcmdpwz0tkK,288,
,Fonsie Marfell,fmarfell80@sciencedirect.com,ZczH7S,289,
,Elsa Butner,ebutner81@mysql.com,FoHwSe,290,
,Maryl Blackie,mblackie82@fda.gov,jySO7evKqB,291,
,Ulysses Giovannacc@i,ugiovannacci83@goo.gl,gGmdK48icl,292,
,Ade Mattussevich,amattussevich84@unicef.org,Vwfgl0yZJ,293,
,Phillis Hurd,phurd85@soup.io,ArMhFfMo7pz,294,
,Nichole Morrow,nmorrow86@bing.com,9aNd36ulA6L,295,
,Erich Bartolomivis,ebartolomivis87@umich.edu,Kh2bRY,296,
,Isaiah Lambrecht,ilambrecht88@google.pl,InnLQz,297,
,Phip Shalcras,pshalcras89@booking.com,07cNN4,298,
,Cornell Passo,cpasso8a@free.fr,XEHSq9t2,299,
,Doti McHugh,dmchugh8b@harvard.edu,6TfpvwEZbype,300,
,Essie Toward,etoward8c@usnews.com,QaOGq1J,301,
,Upton Glancy,uglancy8d@i2i.jp,miBjl3au6hIZ,302,
,Frazer Keedy,fkeedy8e@timesonline.co.uk,6Cl0HZ7g,303,
,Leesa Robertacci,lrobertacci8f@psu.edu,He5xbMbjj0,304,
,Heath Warland,hwarland8g@ucoz.ru,J1XsODQ5,305,
,Olympia Hevner,ohevner8h@utexas.edu,cRmTBc19h,306,
,Peria Maillard,pmaillard8i@ifeng.com,TEyZTc4Fyc9,307,
,Garreth Panyer,gpanyer8j@omniture.com,LqFgWuF,308,
,Gretna Fromant,gfromant8k@discuz.net,j6UsxxnMLX,309,
,Vivienne Tregear,vtregear8l@facebook.com,rsCLdB,310,
,Wenda Ashtonhurst,washtonhurst8m@youku.com,MR3HaYZFmsFd,311,
,Willy Forgan,wforgan8n@4shared.com,urg1eTqT8N,312,
,Tonnie Giorgioni,tgiorgioni8o@histats.com,xJ7EYLsrQI,313,
,Essie Gatecliff,egatecliff8p@barnesandnoble.com,Mm8wbIqT4l,314,
,Tarra Halfhyde,thalfhyde8q@blogspot.com,1mbydX4Fz,315,
,Bryon Andor,bandor8r@sbwire.com,QYFGWCa,316,
,Germain Rampling,grampling8s@nih.gov,ShJObHJ59R3Z,317,
,Brigit Klugel,bklugel8t@comsenz.com,YLhYeyY,318,
,Lucien Bland,lbland8u@php.net,C6GoilBE5QY,319,
,Padget Dunley,pdunley8v@newyorker.com,YHCCCPFdYZ1,320,
,Ebony Balam,ebalam8w@purevolume.com,qRQHyUWj,321,
,Kendrick Thieme,kthieme8x@alexa.com,q5CaMid1f,322,
,Jewel Itzkovici,jitzkovici8y@zimbio.com,UlUb20,323,
,Merrile Mingasson,mmingasson8z@comcast.net,s87T4e5L,324,
,Ayn Bru,abru90@earthlink.net,svnxyd9UgYh9,325,
,Avie Salmen,asalmen91@dmoz.org,lYZH9wQf,326,
,Kaja Claypool,kclaypool92@arizona.edu,osMTFaz4FVCL,327,
,Arin Greenstreet,agreenstreet93@yahoo.co.jp,KzSJs5,328,
,Nealy Pudsall,npudsall94@ox.ac.uk,SGcCp6Jan,329,
,Fredrick Boorman,fboorman95@admin.ch,csewrLj92,330,
,Aprilette Spurr,aspurr96@phpbb.com,mnsV8u,331,
,Danie Peacocke,dpeacocke97@upenn.edu,dEjJUVQqJFD,332,
,Craggie Plewes,cplewes98@typepad.com,Kqse4cp,333,
,Lazare Cropper,lcropper99@fc2.com,HeiKcyD9,334,
,Grete Weins,gweins9a@microsoft.com,7rA2fXIyaRw,335,
,Melony Chastan,mchastan9b@github.com,cxEQyb8,336,
,Stanislaw Backshall,sbackshall9c@google.fr,ZfpdilGhbFI,337,
,Ann-marie Blazic,ablazic9d@cmu.edu,PKtZsP2X,338,
,Addie Coomer,acoomer9e@reference.com,4mJIuuOOxsj,339,
,Danice Bidmead,dbidmead9f@newsvine.com,pdAXP0MT9ZNx,340,
,Duke Iglesia,diglesia9g@elegantthemes.com,UNrYZjvS,341,
,Yancy Egdell,yegdell9h@github.com,CbKZ3CW,342,
,Darin Biddell,dbiddell9i@bandcamp.com,JrsQ04bZNyh,343,
,Armin Hinrich,ahinrich9j@hao123.com,0WRVhWx,344,
,Dorree Claris,dclaris9k@rambler.ru,yYSqx4DL5,345,
,Kissiah Eagers,keagers9l@tinypic.com,dY52MJnhy,346,
,Darcey Pheasant,dpheasant9m@hatena.ne.jp,J4bBSHGUG35g,347,
,Micky Lindenfeld,mlindenfeld9n@booking.com,cbhVry,348,
,Norry Phizackerly,nphizackerly9o@wordpress.com,iEomlFSGrtk,349,
,Delilah Winterbottom,dwinterbottom9p@yellowpages.com,NJWXDJO1gk,350,
,Leona Oene,loene9q@state.gov,w5rtm2,351,
,Mabelle Gorring,mgorring9r@fema.gov,hdumypL,352,
,Fifi Oakshott,foakshott9s@tripadvisor.com,BHdeKDkqv4u,353,
,Phyllys Lammertz,plammertz9t@comcast.net,b2KpWkzL9MTb,354,
,Ennis Cauley,ecauley9u@businesswire.com,uJCLz4s4X,355,
,Sharron Lack,slack9v@ibm.com,47012lwBl,356,
,Ettie Cowden,ecowden9w@admin.ch,Unz36s6NV,357,
,Denis Orum,dorum9x@unblog.fr,qyrQ02ksE,358,
,Phedra Strethill,pstrethill9y@stanford.edu,KbqBtyos4nK,359,
,Melisse Baron,mbaron9z@time.com,SK4TpthxZ,360,
,Basilius Pethybridge,bpethybridgea0@illinois.edu,lQOxRh,361,
,Angel Corish,acorisha1@salon.com,jXfa6u,362,
,Moe Adderley,madderleya2@cornell.edu,wA69oyJ,363,
,Marsh Byway,mbywaya3@cloudflare.com,mBhgsV99LB,364,
,Elwira Kubista,ekubistaa4@ibm.com,l7R57aL8ZJAa,365,
,Beauregard Dudlestone,bdudlestonea5@webs.com,d0dQHprqb,366,
,Zitella Richichi,zrichichia6@furl.net,XrctP9ouv1O,367,
,Del Kilford,dkilforda7@vimeo.com,LCmI52S9pP,368,
,Tatum Pyford,tpyforda8@huffingtonpost.com,EPXr2ygTWV,369,
,Jaclin Iacavone,jiacavonea9@umich.edu,iyCqHt7,370,
,Prudy Cristofaro,pcristofaroaa@dyndns.org,wAPhF88Lex5L,371,
,Elyse Dutson,edutsonab@gnu.org,AROweKH,372,
,Beckie Clowley,bclowleyac@tmall.com,16CdoYuy3zKs,373,
,Ulrikaumeko Kerbler,ukerblerad@hao123.com,cfjbo8zdOFh2,374,
,Rodd Fearnyough,rfearnyoughae@macromedia.com,BBldWuhT,375,
,Kat Tern,kternaf@joomla.org,pOWFJl,376,
,Quintilla Dimond,qdimondag@gmpg.org,DAOQEGZ7ak6Z,377,
,Fitzgerald Keningham,fkeninghamah@comcast.net,77D6y2b8sUKn,378,
,Deena Tett,dtettai@google.es,XnyHw0X,379,
,Clementius Thompsett,cthompsettaj@nps.gov,Z9wu0qiavYi,380,
,Royce Moreman,rmoremanak@wikia.com,HdP2qB3BdY,381,
,Phylys Banker,pbankeral@elegantthemes.com,tQacVCUfs,382,
,Godard Heine,gheineam@bizjournals.com,dBMdEEJ,383,
,Suzy Pickersgill,spickersgillan@seesaa.net,5IaSGetXZ,384,
,Anderea Hiland,ahilandao@ycombinator.com,qaM9WXpbz8R,385,
,Lowrance Sciacovelli,lsciacovelliap@seesaa.net,wBy7hDGoJc,386,
,Antin Surgeon,asurgeonaq@ning.com,x3yUXFEq,387,
,Dulcine Bruford,dbrufordar@barnesandnoble.com,oTWhT6,388,
,Anthiathia Riggott,ariggottas@tinypic.com,0Acc1vU,389,
,Shaun Fergusson,sfergussonat@google.com.au,Vubdk54rgvYQ,390,
,Davin Tindall,dtindallau@hugedomains.com,dow0jebwGi,391,
,Ulises Forsyth,uforsythav@nytimes.com,aEYUOoF,392,
,Tallie Vaughan,tvaughanaw@rambler.ru,UCLVyD,393,
,Sanderson Nigh,snighax@themeforest.net,NPKhobhKy,394,
,Farley Walby,fwalbyay@foxnews.com,1RjlwtF3hh,395,
,Rolland Cristoferi,rcristoferiaz@51.la,Hdif7dhJm,396,
,Corine Robertet,crobertetb0@printfriendly.com,684vCrjmSE,397,
,Cybil Morfell,cmorfellb1@joomla.org,NzwkcpPNfiwj,398,
,Isabella Lowde,ilowdeb2@twitter.com,EHCWN0gAsU,399,
,Katine Heighway,kheighwayb3@paginegialle.it,y8w06AD9MVnq,400,
,Ciel Didsbury,cdidsburyb4@cbsnews.com,90XqLiAyip,401,
,Lowrance Mullenger,lmullengerb5@nasa.gov,AsYtntKl,402,
,Antone Kayser,akayserb6@soup.io,My3gTJ,403,
,Jemmie Padberry,jpadberryb7@vinaora.com,maGvgZJT8l,404,
,Adrienne Jopp,ajoppb8@youtu.be,r174GP5,405,
,Loleta York,lyorkb9@google.ru,15ZP8CE6ah1H,406,
,Iorgos Gehring,igehringba@nifty.com,68UAAI5,407,
,Brice Petrushanko,bpetrushankobb@plala.or.jp,twSoDtSQ2N,408,
,Franny McCurtin,fmccurtinbc@1und1.de,HNnLHkHCF,409,
,Saree Mair,smairbd@goo.ne.jp,mo15EbhyYk4,410,
,Paul Cudde,pcuddebe@webs.com,ILASE93DT7dR,411,
,Kali Sedgman,ksedgmanbf@census.gov,SThKMcnTz,412,
,Harmony Mosley,hmosleybg@telegraph.co.uk,vy3L6dmK0ND,413,
,Archambault Caswell,acaswellbh@ycombinator.com,eUAlFy71,414,
,Stearn Dickerson,sdickersonbi@ucoz.com,CZIcK7ftjz,415,
,Cynde Mardy,cmardybj@mac.com,6u0Eqsv,416,
,Giulia Micah,gmicahbk@samsung.com,8orj6K39,417,
,Ingunna Josum,ijosumbl@sciencedaily.com,zwXQlWKxL,418,
,Kendal Shoebridge,kshoebridgebm@prnewswire.com,uuvyhByS,419,
,Wylie Kinsella,wkinsellabn@sbwire.com,PMwLwOvKJs,420,
,Kara-lynn Beamond,kbeamondbo@ox.ac.uk,VBoh5K5fa,421,
,Betty Beardwood,bbeardwoodbp@samsung.com,Co1eVxXJKa,422,
,Marci Harrhy,mharrhybq@cbsnews.com,ddJotb,423,
,Bourke Lisamore,blisamorebr@istockphoto.com,Bz5TnaNh9Ts,424,
,Sylas Vossgen,svossgenbs@nsw.gov.au,oyqX8Qk4d9O,425,
,Mala Felder,mfelderbt@slate.com,obFQryi,426,
,Manya Kits,mkitsbu@github.io,xcAAdL,427,
,Nicky Spurier,nspurierbv@bravesites.com,7xZtWn,428,
,Bunni O' Hogan,bobw@163.com,Dj5FKNm,429,
,Karlie Miskelly,kmiskellybx@mapy.cz,unjS4DPN0X,430,
,Shirleen Turpey,sturpeyby@imageshack.us,G9MZECz,431,
,Nadean Counter,ncounterbz@cnet.com,petoIIo5zZg,432,
,Alexandre Iaduccelli,aiaduccellic0@mysql.com,5s6SRBbLE,433,
,Jaye Lissaman,jlissamanc1@zimbio.com,IxM8vmITxkrs,434,
,Helli Andree,handreec2@imgur.com,2ksXch,435,
,Ninnette Leger,nlegerc3@wisc.edu,oB5xYJT,436,
,Dore Sharman,dsharmanc4@smh.com.au,Mfjz5n3D1H,437,
,Moise Reasun,mreasunc5@ihg.com,JUrrO0,438,
,Corina Feedome,cfeedomec6@joomla.org,gjdlmPdJ11,439,
,Torie Brand,tbrandc7@apple.com,VM4QiW,440,
,Tonya Fewings,tfewingsc8@msn.com,LVcqbqJOC,441,
,Hurlee Pimblott,hpimblottc9@discovery.com,7YnyDhFkrIFn,442,
,Tiphany Sweetland,tsweetlandca@msu.edu,mjNVFHq,443,
,Lelia McCaffrey,lmccaffreycb@wikimedia.org,9JehNi,444,
,Jerri Filipson,jfilipsoncc@mail.ru,HE5RcP,445,
,Julee Ajam,jajamcd@flavors.me,OcLlpc,446,
,Berke Moodycliffe,bmoodycliffece@bloglines.com,dmtD2n,447,
,Leoine Magson,lmagsoncf@cdc.gov,faF67x,448,
,Baily Vedyasov,bvedyasovcg@nydailynews.com,qpnaO5kwul,449,
,Gipsy Arondel,garondelch@wordpress.com,E9nsQJY,450,
,Daryl Nicholl,dnichollci@dropbox.com,cVOzwK7lweqN,451,
,Quinn O'Sheilds,qosheildscj@slate.com,d0DFmqJI8j0L,452,
,Dina Guidone,dguidoneck@ox.ac.uk,SAyFUbSR,453,
,Roy Joesbury,rjoesburycl@engadget.com,zjlzgBoJ,454,
,Frank Storey,fstoreycm@zimbio.com,Y6gABs,455,
,Byrom Waddilove,bwaddilovecn@yelp.com,aTn83b,456,
,Barris Newbold,bnewboldco@xinhuanet.com,YvEelXVFl,457,
,Willie Ladley,wladleycp@nih.gov,pmPdeDim,458,
,Mata Dilnot,mdilnotcq@1688.com,OzrAKavmRDZ,459,
,Emmaline Kirkland,ekirklandcr@sbwire.com,6TffncXeIX,460,
,Sinclare Fairbridge,sfairbridgecs@t.co,L5aQzQAfx,461,
,Nonie Metrick,nmetrickct@yellowbook.com,wgHTTJ,462,
,Abramo Timewell,atimewellcu@goodreads.com,mL3OtW3ica,463,
,Bobbee Kaasmann,bkaasmanncv@accuweather.com,n1W8Xsv,464,
,Cam Pulteneye,cpulteneyecw@lycos.com,J2guua,465,
,Maurise Huckfield,mhuckfieldcx@washington.edu,NjtP9A,466,
,Marshal Patesel,mpateselcy@nytimes.com,DJ2ddkek7,467,
,Micki Kaley,mkaleycz@dyndns.org,oCENrLmehiD6,468,
,Delcine Earl,dearld0@examiner.com,kpQgCps,469,
,Melody Nolda,mnoldad1@bloglovin.com,zhozjROLy5NP,470,
,Daisey Croster,dcrosterd2@naver.com,SKITASki6sf,471,
,Wallie Springtorpe,wspringtorped3@nsw.gov.au,lyCVGRq8hV4m,472,
,Yetty Cutcliffe,ycutcliffed4@domainmarket.com,EmxeSBZ8d2Sw,473,
,Sibylle Gabitis,sgabitisd5@reverbnation.com,4VcqyH5r2,474,
,Hastie Josofovitz,hjosofovitzd6@amazon.co.jp,a0pKZSHvnqKS,475,
,Raff Rosenbaum,rrosenbaumd7@zimbio.com,b1ceiJbG,476,
,Hobart Tuley,htuleyd8@people.com.cn,QSZVgL,477,
,Leela Leile,lleiled9@nydailynews.com,32NJnrwT,478,
,Rodolfo Traylen,rtraylenda@tumblr.com,QnqFGHa9S,479,
,Noni Ismail,nismaildb@cnbc.com,Ghr41HNen7,480,
,Karie Kunat,kkunatdc@cisco.com,sTjaX5,481,
,Joelle Flaonier,jflaonierdd@zdnet.com,HIFNrzRyicj,482,
,Nealon Lamartine,nlamartinede@chronoengine.com,RsHNNyc4,483,
,Geralda Whorf,gwhorfdf@wp.com,zhIR5FTM9,484,
,Dione Bleckly,dblecklydg@addthis.com,yYAhozx,485,
,Raphaela Meeson,rmeesondh@usnews.com,h56Gj659W,486,
,Ekaterina Root,erootdi@mysql.com,V7QPh8HdrR,487,
,Callie Shellibeer,cshellibeerdj@bbc.co.uk,7Cf6A3S,488,
,Darnall Revan,drevandk@e-recht24.de,WK05j8YchGk,489,
,Suzanne Vasic,svasicdl@abc.net.au,vEmOkYRnkVcy,490,
,Janeczka Small,jsmalldm@tmall.com,pHb9GlhZf,491,
,Bengt Le Cornu,bledn@devhub.com,HZ6QZq0,492,
,Terrill Falloon,tfalloondo@stanford.edu,Q8Snh7Bwt,493,
,Andree Croix,acroixdp@cbsnews.com,BCiEy9l3s,494,
,Eveline Seward,esewarddq@webmd.com,a8yoige,495,
,Mallory Cuncliffe,mcuncliffedr@nymag.com,vhELuo,496,
,Ludovika Eberst,leberstds@booking.com,nTjL460r9E,497,
,Halette Gribble,hgribbledt@icio.us,ww3iUV2ZpV4N,498,
,Sallie McPharlain,smcpharlaindu@dailymail.co.uk,p4W2Pm,499,
,Felicia Wherry,fwherrydv@lycos.com,EQwTTO38or,500,
